Model ID,X,Z,Y,scale_x/y/z,SPARSE_ORIENT,STACK_ORIENT,DENSE_ORIENT,SPARSE_SCALE,STACK_SCALE,DENSE_SCALE
068_BOXDRINK_BASE0,0.11,0.154,0.115,1,"(0,0,0)","(0,0,0)","[(180,0, 90),(180,0,0)]",1,1,0.8
068_BOXDRINK_BASE1,0.1,0.254,0.1,1,"(0,0,0)","(0,0,0)","[(180,0, 90),(180,0,0)]",1,1,0.8
068_BOXDRINK_BASE2,0.1,0.306,0.1,1,"(0,0,0)","(0,0,0)","[(180,0, 90),(180,0,0)]",1,1,0.8
068_BOXDRINK_BASE3,0.079,0.254,0.062,1,"(0,0,0)","(0,0,0)","[(180,0, 90),(180,0,0),(180,90,0),(90,0,0)]",1,1,0.8
071_CAN_BASE0,0.1,0.175,0.1,0.1,"(0,0,0)","(0,0,0)","[(180,0, 90),(180,0,0),(180,90,0),(90,0,0)]",1,1,0.7
071_CAN_BASE1,0.09,0.193,0.09,0.1,"(0,0,0)","(0,0,0)","[(180,0, 90),(180,0,0),(180,90,0),(90,0,0)]",1,1,0.7
071_CAN_BASE2,0.1,0.192,0.1,0.1,"(0,0,0)","(0,0,0)","[(180,0, 90),(180,0,0),(180,90,0),(90,0,0)]",1,1,0.7
071_CAN_BASE3,0.11,0.193,0.11,0.1,"(0,0,0)","(0,0,0)","[(180,0, 90),(180,0,0),(180,90,0),(90,0,0)]",1,1,0.7
071_CAN_BASE5,0.1,0.192,0.1,0.1,"(0,0,0)","(0,0,0)","[(180,0, 90),(180,0,0),(180,90,0),(90,0,0)]",1,1,0.7
071_CAN_BASE6,0.09,0.193,0.09,0.1,"(0,0,0)","(0,0,0)","[(180,0, 90),(180,0,0),(180,90,0),(90,0,0)]",1,1,0.7
073_RUBIKSCUBE_BASE0,0.097,0.101,0.115,0.06,"(0,0,0)","(0,0,0)","[(180, 0, 0),(180,0,90)]",1,0.8,0.8
073_RUBIKSCUBE_BASE1,0.116,0.116,0.116,0.06,"(0,0,0)","(0,0,0)","[(180, 0, 0),(180,0,90),(0, 0, 0),(0,0,90)]",1,0.8,0.8
073_RUBIKSCUBE_BASE2,0.116,0.116,0.116,0.06,"(0,0,0)","(0,0,0)","[(180, 0, 0),(180,0,90),(0, 0, 0),(0,0,90)]",1,0.8,0.8
077_PHONE_BASE0,0.096,0.02,0.193,0.1,"(0,0,0)","(0,0,0)","[(180, 0, 0),(180,0,90)]",1,0.6,1
077_PHONE_BASE1,0.193,0.018,0.082,0.1,"(0,0,0)","(0,0,90)","[(180, 0, 0),(180,0,90),(0, 0, 0),(0,0,90)]",1,0.6,1
077_PHONE_BASE2,0.193,0.02,0.095,0.1,"(0,0,0)","(0,0,90)","[(180, 0, 0),(180,0,90),(0, 0, 0),(0,0,90)]",1,0.6,1
077_PHONE_BASE3,0.193,0.024,0.098,0.1,"(0,0,0)","(0,0,90)","[(180, 0, 0),(180,0,90)]",1,0.6,1
077_PHONE_BASE4,0.193,0.023,0.099,0.1,"(0,0,0)","(0,0,90)","[(180, 0, 0),(180,0,90),(0, 0, 0),(0,0,90)]",1,0.6,1
079_REMOTECONTROL_BASE0,0.194,0.02,0.048,0.1,"(0,0,0)","(0,0,90)","[(180, 0, 0),(180,0,90),(0, 0, 0),(0,0,90)]",1,0.8,1
079_REMOTECONTROL_BASE1,0.193,0.022,0.057,0.1,"(0,0,0)","(0,0,90)","[(180, 0, 0),(180,0,90),(0, 0, 0),(0,0,90)]",1,0.8,1
079_REMOTECONTROL_BASE2,0.065,0.039,0.194,0.1,"(0,0,0)","(0,0,0)","[(180, 0, 0),(180,0,90),(0, 0, 0),(0,0,90)]",1,0.8,1
079_REMOTECONTROL_BASE3,0.07,0.024,0.193,0.1,"(0,0,0)","(0,0,0)","[(180, 0, 0),(180,0,90),(0, 0, 0),(0,0,90)]",1,0.8,1
079_REMOTECONTROL_BASE4,0.068,0.026,0.193,0.1,"(0,0,0)","(0,0,0)","[(180, 0, 0),(180,0,90),(0, 0, 0),(0,0,90)]",1,0.8,1
079_REMOTECONTROL_BASE5,0.062,0.031,0.193,0.1,"(0,0,0)","(0,0,0)","[(180, 0, 0),(180,0,90),(0, 0, 0),(0,0,90)]",1,0.8,1
079_REMOTECONTROL_BASE6,0.063,0.039,0.193,0.1,"(0,0,0)","(0,0,0)","[(180, 0, 0),(180,0,90),(0, 0, 0),(0,0,90)]",1,1,1
081_PLAYINGCARDS_BASE0,0.072,0.024,0.114,0.06,"(0,0,0)","(0,0,0)","[(180, 0, 0),(180,0,90),(0, 0, 0),(0,0,90)]",1,1,1
081_PLAYINGCARDS_BASE1,0.115,0.024,0.078,0.06,"(0,0,0)","(0,0,90)","[(180, 0, 0),(180,0,90),(0, 0, 0),(0,0,90)]",1,1,1
081_PLAYINGCARDS_BASE2,0.114,0.024,0.076,0.06,"(0,0,0)","(0,0,90)","[(180, 0, 0),(180,0,90),(0, 0, 0),(0,0,90)]",1,1,1
091_KETTLE_BASE0,0.13,0.18,0.18,0.1,"(0,0,0)","(0,0,0)","[(180,0, 90),(180,0,0)]",1,1,0.8
091_KETTLE_BASE1,0.12,0.18,0.18,0.1,"(0,0,0)","(0,0,0)","[(180,0, 90),(180,0,0)]",1,1,0.8
091_KETTLE_BASE2,0.14,0.18,0.19,0.1,"(0,0,0)","(0,0,0)","[(180,0, 90),(180,0,0)]",1,1,0.8
091_KETTLE_BASE3,0.15,0.18,0.19,0.1,"(0,0,0)","(0,0,0)","[(180,0, 90),(180,0,0)]",1,1,0.8
091_KETTLE_BASE4,0.173,0.196,0.175,0.1,"(0,0,0)","(0,0,0)","[(180,0, 90),(180,0,0)]",1,1,0.8
091_KETTLE_BASE5,0.14,0.17,0.2,0.1,"(0,0,0)","(0,0,0)","[(180,0, 90),(180,0,0)]",1,1,0.8
092_NOTEBOOK_BASE0,0.191,0.02,0.125,0.1,"(0,0,0)","(0,0,90)","[(180,0, 90),(180,0,0),(0,0,0),(0,0,90)]",1,0.7,0.9
092_NOTEBOOK_BASE1,0.192,0.022,0.129,0.1,"(0,0,0)","(0,0,90)","[(180,0, 90),(180,0,0),(0,0,0),(0,0,90)]",1,0.7,0.9
092_NOTEBOOK_BASE2,0.15,0.02,0.129,0.1,"(0,0,0)","(0,0,90)","[(180,0, 90),(180,0,0),(0,0,0),(0,0,90)]",1,0.7,0.9
101_MILKTEA_BASE0,0.12,0.193,0.12,0.1,"(0,0,0)","(0,0,0)","[(180,0, 90),(180,0,0)]",1,1,0.8
101_MILKTEA_BASE1,0.08,0.206,0.08,0.1,"(0,0,0)","(0,0,0)","[(180,0, 90),(180,0,0)]",1,1,0.8
101_MILKTEA_BASE2,0.11,0.193,0.11,0.1,"(0,0,0)","(0,0,0)","[(180,0, 90),(180,0,0)]",1,1,0.8
101_MILKTEA_BASE4,0.1,0.212,0.1,0.1,"(0,0,0)","(0,0,0)","[(180,0, 90),(180,0,0)]",1,1,0.8
101_MILKTEA_BASE5,0.119,0.197,0.121,0.1,"(0,0,0)","(0,0,0)","[(180,0, 90),(180,0,0)]",1,1,0.8
101_MILKTEA_BASE6,0.109,0.191,0.109,0.1,"(0,0,0)","(0,0,0)","[(180,0, 90),(180,0,0)]",1,1,0.8
105_SAUCECAN_BASE0,0.09,0.15,0.09,0.08,"(0,0,0)","(0,0,0)","[(180,0, 90),(180,0,0)]",1,1,1
105_SAUCECAN_BASE2,0.1,0.15,0.1,0.08,"(0,0,0)","(0,0,0)","[(180,0, 90),(180,0,0)]",1,1,1
105_SAUCECAN_BASE4,0.1,0.15,0.1,0.08,"(0,0,0)","(0,0,0)","[(180,0, 90),(180,0,0)]",1,1,1
105_SAUCECAN_BASE5,0.08,0.15,0.08,0.08,"(0,0,0)","(0,0,0)","[(180,0, 90),(180,0,0)]",1,1,1
105_SAUCECAN_BASE6,0.08,0.15,0.08,0.08,"(0,0,0)","(0,0,0)","[(180,0, 90),(180,0,0)]",1,1,1
107_SOAP_BASE0,0.13,0.02,0.062,0.07,"(0,0,0)","(0,0,90)","[(180,0, 90),(180,0,0)]",1,1,0.9
107_SOAP_BASE1,0.13,0.02,0.062,0.07,"(0,0,0)","(0,0,90)","[(180,0, 90),(180,0,0)]",1,1,0.9
107_SOAP_BASE2,0.13,0.078,0.092,0.07,"(0,0,0)","(0,0,90)","[(180,0, 90),(180,0,0)]",1,1,0.9
107_SOAP_BASE3,0.13,0.073,0.072,0.07,"(0,0,0)","(0,0,90)","[(180,0, 90),(180,0,0)]",1,1,0.9
112_TEABOX_BASE0,0.151,0.11,0.101,0.08,"(0,0,0)","(0,0,90)","[(180,0, 90),(180,0,0)]",1,0.6,0.9
112_TEABOX_BASE1,0.151,0.13,0.141,0.08,"(0,0,0)","(0,0,0)","[(180,0, 90),(180,0,0)]",1,0.6,0.9
112_TEABOX_BASE2,0.081,0.15,0.061,0.08,"(0,0,0)","(90,0,0)","[(180,0, 90),(180,0,0)]",1,0.7,0.9
112_TEABOX_BASE3,0.151,0.13,0.141,0.08,"(0,0,0)","(0,0,0)","[(180,0, 90),(180,0,0)]",1,0.5,0.9
112_TEABOX_BASE4,0.141,0.11,0.141,0.08,"(0,0,0)","(0,0,0)","[(180,0, 90),(180,0,0)]",1,0.6,0.9
112_TEABOX_BASE5,0.141,0.14,0.141,0.08,"(0,0,0)","(0,0,0)","[(180,0, 90),(180,0,0)]",1,0.6,0.9
113_COFFEEBOX_BASE0,0.101,0.13,0.091,0.07,"(0,0,0)","(90,0,0)","[(180,0, 90),(180,0,0),(180,90,0),(90,0,0)]",1,0.8,0.9
113_COFFEEBOX_BASE1,0.131,0.11,0.121,0.07,"(0,0,0)","(0,0,0)","[(180,0, 90),(180,0,0),(180,90,0),(90,0,0)]",1,0.7,0.9
113_COFFEEBOX_BASE2,0.131,0.11,0.111,0.07,"(0,0,0)","(0,0,0)","[(180,0, 90),(180,0,0)]",1,0.7,0.9
113_COFFEEBOX_BASE3,0.101,0.13,0.091,0.07,"(0,0,0)","(0,0,0)","[(180,0, 90),(180,0,0),(180,90,0),(90,0,0)]",1,0.7,0.9
113_COFFEEBOX_BASE4,0.131,0.12,0.101,0.07,"(0,0,0)","(0,0,0)","[(180,0, 90),(180,0,0),(180,90,0),(90,0,0)]",1,0.6,0.9
113_COFFEEBOX_BASE5,0.151,0.11,0.031,0.08,"(0,0,0)","(90,0,90)","[(180,0, 90),(180,0,0)]",1,0.6,0.9
113_COFFEEBOX_BASE6,0.091,0.15,0.101,0.08,"(0,0,0)","(0,0,0)","[(180,0, 90),(180,0,0),(180,90,0),(90,0,0)]",1,1,0.9
114_BOTTLE_BASE1,0.058,0.2,0.058,0.11,"(0,0,0)","(0,0,0)","[(180, 0, 0),(180,90,0),(180,0,90),(90,0,90)]",1,1,1
114_BOTTLE_BASE2,0.051,0.21,0.051,0.11,"(0,0,0)","(0,0,0)","[(180, 0, 0),(180,90,0),(180,0,90),(90,0,90)]",1,1,1
114_BOTTLE_BASE3,0.052,0.051,0.188,0.11,"(0,0,0)","(0,0,0)","[(180, 0, 0),(180,90,0),(180,0,90),(90,0,90)]",1,1,1
114_BOTTLE_BASE4,0.051,0.2,0.051,0.11,"(0,0,0)","(0,0,0)","[(180, 0, 0),(180,90,0),(180,0,90),(90,0,90)]",1,1,1
115_PERFUME_BASE0,0.135,0.193,0.057,0.1,"(0,0,0)","(0,0,0)","[(180,0, 90),(180,0,0)]",1,1,0.8
115_PERFUME_BASE1,0.095,0.193,0.075,0.1,"(0,0,0)","(0,0,0)","[(180,0, 90),(180,0,0)]",1,1,0.8
115_PERFUME_BASE2,0.103,0.193,0.062,0.1,"(0,0,0)","(0,0,0)","[(180,0, 90),(180,0,0)]",1,1,0.8
115_PERFUME_BASE3,0.122,0.193,0.111,0.1,"(0,0,0)","(0,0,0)","[(180,0, 90),(180,0,0)]",1,1,0.8
116_KEYBOARD_BASE0,0.194,0.008,0.068,0.1,"(0,0,0)","(0,0,0)","[(180,0, 90),(180,0,0)]",1,1,0.8
116_KEYBOARD_BASE1,0.194,0.028,0.068,0.1,"(0,0,0)","(0,0,0)","[(180,0, 90),(180,0,0)]",1,1,0.8
116_KEYBOARD_BASE2,0.194,0.028,0.068,0.1,"(0,0,0)","(0,0,0)","[(180,0, 90),(180,0,0)]",1,1,0.8
116_KEYBOARD_BASE3,0.194,0.028,0.09,0.1,"(0,0,0)","(0,0,0)","[(180,0, 90),(180,0,0)]",1,1,0.8
118_TOOTHPASTE_BASE0,0.063,0.193,0.031,0.1,"(0,0,0)","(0,0,0)","[(90, 0, 0),(90,0,90)]",1,1,0.9
055_SMALLSPEAKER_BASE1,0.07,0.08,0.08,0.8,"(0,0,0)","(0,0,0)","[(180, 0, 0),(180, 90, 0),(180,0,90)]",1,1,1
055_SMALLSPEAKER_BASE2,0.112,0.08,0.112,0.8,"(0,0,0)","(0,0,0)","[(180, 0, 0),(180, 90, 0),(180,0,90)]",1,1,1
055_SMALLSPEAKER_BASE3,0.128,0.08,0.064,0.8,"(0,0,0)","(0,0,0)","[(180, 0, 0),(180, 90, 0),(180,0,90)]",1,1,1
057_TOYCAR_BASE0,0.11,0.101,0.167,0.08,"(0,0,0)","(0,0,0)","[(180, 0, 0),(180,0,90)]",1,1,1
057_TOYCAR_BASE1,0.089,0.054,0.171,0.08,"(0,0,0)","(0,0,0)","[(180, 0, 0),(180,0,90)]",1,1,0.9
057_TOYCAR_BASE2,0.095,0.093,0.171,0.08,"(0,0,0)","(0,0,0)","[(180, 0, 0),(180,0,90)]",1,1,0.9
057_TOYCAR_BASE3,0.075,0.051,0.154,0.08,"(0,0,0)","(0,0,0)","[(180, 0, 0),(180,0,90)]",1,1,0.9
057_TOYCAR_BASE4,0.107,0.099,0.172,0.08,"(0,0,0)","(0,0,0)","[(180, 0, 0),(180,0,90)]",1,1,0.9
057_TOYCAR_BASE5,0.102,0.085,0.171,0.08,"(0,0,0)","(0,0,0)","[(180, 0, 0),(180,0,90)]",1,1,0.9
062_PLASTICBOX_BASE0,0.21,0.075,0.161,0.12,"(0,0,0)","(0,0,0)","[(180, 0, 0),(180,0,90)]",1,1,0.6
062_PLASTICBOX_BASE1,0.195,0.07,0.195,0.12,"(0,0,0)","(0,0,0)","[(180, 0, 0),(180,0,90)]",1,1,0.6
062_PLASTICBOX_BASE2,0.23,0.13,0.23,0.12,"(0,0,0)","(0,0,0)","[(180, 0, 0),(180,0,90)]",1,1,0.6
062_PLASTICBOX_BASE3,0.21,0.075,0.18,0.12,"(0,0,0)","(0,0,0)","[(180, 0, 0),(180,0,90)]",1,1,0.6
062_PLASTICBOX_BASE4,0.22,0.094,0.17,0.12,"(0,0,0)","(0,0,0)","[(180, 0, 0),(180,0,90)]",1,1,0.6
062_PLASTICBOX_BASE5,0.22,0.076,0.16,0.12,"(0,0,0)","(0,0,0)","[(180, 0, 0),(180,0,90)]",1,1,0.6
062_PLASTICBOX_BASE6,0.22,0.082,0.15,0.12,"(0,0,0)","(0,0,0)","[(180, 0, 0),(180,0,90)]",1,1,0.6
062_PLASTICBOX_BASE7,0.23,0.074,0.13,0.12,"(0,0,0)","(0,0,0)","[(180, 0, 0),(180,0,90)]",1,1,0.6
062_PLASTICBOX_BASE8,0.22,0.15,0.17,0.12,"(0,0,0)","(0,0,0)","[(180, 0, 0),(180,0,90)]",1,1,0.6
062_PLASTICBOX_BASE9,0.22,0.092,0.15,0.12,"(0,0,0)","(0,0,0)","[(180, 0, 0),(180,0,90)]",1,1,0.6
062_PLASTICBOX_BASE10,0.22,0.087,0.16,0.12,"(0,0,0)","(0,0,0)","[(180, 0, 0),(180,0,90)]",1,1,0.6
063_TABLETRASHBIN_BASE0,0.15,0.13,0.15,0.08,"(0,0,0)","(0,0,0)","[(180, 0, 0),(180,0,90)]",1,1,0.8
063_TABLETRASHBIN_BASE1,0.14,0.14,0.15,0.08,"(0,0,0)","(0,0,0)","[(180, 0, 0),(180,0,90)]",1,1,0.8
063_TABLETRASHBIN_BASE2,0.11,0.15,0.1,0.08,"(0,0,0)","(0,0,0)","[(180, 0, 0),(180,0,90)]",1,1,0.8
063_TABLETRASHBIN_BASE3,0.15,0.14,0.15,0.08,"(0,0,0)","(0,0,0)","[(180, 0, 0),(180,0,90)]",1,1,0.8
063_TABLETRASHBIN_BASE4,0.12,0.14,0.12,0.08,"(0,0,0)","(0,0,0)","[(180, 0, 0),(180,0,90)]",1,1,0.8
063_TABLETRASHBIN_BASE5,0.08,0.15,0.1,0.08,"(0,0,0)","(0,0,0)","[(180, 0, 0),(180,0,90)]",1,1,0.8
063_TABLETRASHBIN_BASE6,0.15,0.07,0.1,0.08,"(0,0,0)","(0,0,0)","[(180, 0, 0),(180,0,90)]",1,1,0.8
063_TABLETRASHBIN_BASE7,0.11,0.15,0.11,0.08,"(0,0,0)","(0,0,0)","[(180, 0, 0),(180,0,90)]",1,1,0.8
063_TABLETRASHBIN_BASE8,0.1,0.15,0.11,0.08,"(0,0,0)","(0,0,0)","[(180, 0, 0),(180,0,90)]",1,1,0.8
063_TABLETRASHBIN_BASE9,0.125,0.15,0.125,0.08,"(0,0,0)","(0,0,0)","[(180, 0, 0),(180,0,90)]",1,1,0.8
063_TABLETRASHBIN_BASE10,0.09,0.15,0.085,0.08,"(0,0,0)","(0,0,0)","[(180, 0, 0),(180,0,90)]",1,1,0.8
064_MSG_BASE0,0.088,0.194,0.088,0.1,"(0,0,0)","(0,0,0)","[(180, 0, 0),(180,0,90)]",1,1,0.8
064_MSG_BASE1,0.12,0.1,0.12,0.08,"(0,0,0)","(0,0,0)","[(180, 0, 0),(180,0,90)]",1,1,0.8
064_MSG_BASE2,0.078,0.1,0.078,0.08,"(0,0,0)","(0,0,0)","[(180, 0, 0),(180,0,90)]",1,1,0.8
064_MSG_BASE3,0.078,0.1,0.078,0.08,"(0,0,0)","(0,0,0)","[(180, 0, 0),(180,0,90)]",1,1,0.8
064_MSG_BASE4,0.09,0.1,0.09,0.08,"(0,0,0)","(0,0,0)","[(180, 0, 0),(180,0,90)]",1,1,0.8
064_MSG_BASE5,0.11,0.15,0.11,0.08,"(0,0,0)","(0,0,0)","[(180, 0, 0),(180,0,90)]",1,1,0.8
065_SOYSAUCE_BASE0,0.06,0.255,0.06,1,"(0,0,0)","(0,0,0)","[(180, 0, 0),(180,0,90)]",1,1,0.9
065_SOYSAUCE_BASE1,0.09,0.254,0.09,1,"(0,0,0)","(0,0,0)","[(180, 0, 0),(180,0,90)]",1,1,0.9
065_SOYSAUCE_BASE2,0.115,0.254,0.115,1,"(0,0,0)","(0,0,0)","[(180, 0, 0),(180,0,90)]",1,1,0.9
065_SOYSAUCE_BASE3,0.09,0.27,0.09,0.9,"(0,0,0)","(0,0,0)","[(180, 0, 0),(180,0,90)]",1,1,0.9
065_SOYSAUCE_BASE4,0.082,0.153,0.083,1,"(0,0,0)","(0,0,0)","[(180, 0, 0),(180,0,90)]",1,1,0.9
066_VINEGAR_BASE0,0.09,0.24,0.09,0.8,"(0,0,0)","(0,0,0)","[(180, 0, 0),(180,0,90)]",1,1,0.9
066_VINEGAR_BASE1,0.088,0.255,0.088,1,"(0,0,0)","(0,0,0)","[(180, 0, 0),(180,0,90)]",1,1,0.9
066_VINEGAR_BASE2,0.1,0.255,0.11,1,"(0,0,0)","(0,0,0)","[(180, 0, 0),(180,0,90)]",1,1,0.9
086_WOODENBLOCK_BASE0,0.102,0.102,0.102,1,"(0,0,0)","(0,0,0)","[(180, 0, 0),(180,0,90)]",1,1,0.8
086_WOODENBLOCK_BASE1,0.071,0.12,0.071,1.2,"(0,0,0)","(0,0,0)","[(180, 0, 0),(180,0,90)]",1,1,1
086_WOODENBLOCK_BASE2,0.131,0.131,0.061,1.2,"(0,0,0)","(0,0,0)","[(180, 0, 0),(180,0,90)]",1,1,1
086_WOODENBLOCK_BASE3,0.151,0.052,0.037,1,"(0,0,0)","(90,0,0)","[(180, 0, 0),(180,0,90)]",1,0.8,1
086_WOODENBLOCK_BASE4,0.121,0.153,0.122,1,"(0,0,0)","(0,0,0)","[(180, 0, 0),(180,0,90)]",1,1,0.8
087_WATERER_BASE0,0.101,0.101,0.207,0.1,"(0,0,0)","(0,0,0)","[(180, 0, 0),(180,0,90)]",1,1,0.9
087_WATERER_BASE1,0.101,0.101,0.204,0.1,"(0,0,0)","(0,0,0)","[(180, 0, 0),(180,0,90)]",1,1,0.9
087_WATERER_BASE2,0.072,0.142,0.201,0.1,"(0,0,0)","(0,0,0)","[(180, 0, 0),(180,0,90)]",1,1,0.9
087_WATERER_BASE3,0.12,0.135,0.218,0.1,"(0,0,0)","(0,0,0)","[(180, 0, 0),(180,0,90)]",1,1,0.9
087_WATERER_BASE4,0.081,0.135,0.218,0.1,"(0,0,0)","(0,0,0)","[(180, 0, 0),(180,0,90)]",1,1,0.9
087_WATERER_BASE5,0.086,0.135,0.195,0.1,"(0,0,0)","(0,0,0)","[(180, 0, 0),(180,0,90)]",1,1,0.9
087_WATERER_BASE6,0.079,0.125,0.185,0.1,"(0,0,0)","(0,0,0)","[(180, 0, 0),(180,0,90)]",1,1,0.9
087_WATERER_BASE7,0.08,0.135,0.185,0.1,"(0,0,0)","(0,0,0)","[(180, 0, 0),(180,0,90)]",1,1,0.9
088_WINEGLASS_BASE0,0.115,0.2,0.115,0.8,"(0,0,0)","(0,0,0)","[(180, 0, 0),(180,0,90)]",1,1,0.8
088_WINEGLASS_BASE1,0.06,0.2,0.06,0.8,"(0,0,0)","(0,0,0)","[(180, 0, 0),(180,0,90)]",1,1,0.8
088_WINEGLASS_BASE2,0.072,0.2,0.072,0.8,"(0,0,0)","(0,0,0)","[(180, 0, 0),(180,0,90)]",1,1,0.8
088_WINEGLASS_BASE3,0.072,0.18,0.072,0.6,"(0,0,0)","(0,0,0)","[(180, 0, 0),(180,0,90)]",1,1,0.8
088_WINEGLASS_BASE4,0.086,0.195,0.086,0.8,"(0,0,0)","(0,0,0)","[(180, 0, 0),(180,0,90)]",1,1,0.8
095_GLUE_BASE0,0.065,0.194,0.065,0.1,"(0,0,0)","(0,0,0)","[(180,0, 90),(180,0,0),(180,90,0),(90,0,0)]",1,1,0.9
095_GLUE_BASE1,0.065,0.192,0.065,0.1,"(0,0,0)","(0,0,0)","[(180,0, 90),(180,0,0),(180,90,0),(90,0,0)]",1,1,0.9
095_GLUE_BASE2,0.068,0.193,0.068,0.1,"(0,0,0)","(0,0,0)","[(180,0, 90),(180,0,0),(180,90,0),(90,0,0)]",1,1,0.9
095_GLUE_BASE4,0.08,0.192,0.05,0.1,"(0,0,0)","(0,0,0)","[(180,0, 90),(180,0,0),(180,90,0),(90,0,0)]",1,1,0.9
095_GLUE_BASE5,0.063,0.193,0.063,0.1,"(0,0,0)","(0,0,0)","[(180,0, 90),(180,0,0),(180,90,0),(90,0,0)]",1,1,0.9
095_GLUE_BASE6,0.054,0.193,0.054,0.1,"(0,0,0)","(0,0,0)","[(180,0, 90),(180,0,0),(180,90,0),(90,0,0)]",1,1,0.9
099_FAN_BASE0,0.104,0.16,0.088,0.08,"(0,0,0)","(0,0,0)","[(180,0, 90),(180,0,0)]",1,1,0.9
099_FAN_BASE1,0.135,0.155,0.118,0.08,"(0,0,0)","(0,0,0)","[(180,0, 90),(180,0,0)]",1,1,0.9
099_FAN_BASE2,0.135,0.16,0.115,0.08,"(0,0,0)","(0,0,0)","[(180,0, 90),(180,0,0)]",1,1,0.9
099_FAN_BASE3,0.128,0.155,0.102,0.08,"(0,0,0)","(0,0,0)","[(180,0, 90),(180,0,0)]",1,1,0.9
099_FAN_BASE4,0.112,0.152,0.08,0.08,"(0,0,0)","(0,0,0)","[(180,0, 90),(180,0,0)]",1,1,0.9
099_FAN_BASE5,0.128,0.16,0.104,0.08,"(0,0,0)","(0,0,0)","[(180,0, 90),(180,0,0)]",1,1,0.9
099_FAN_BASE6,0.136,0.154,0.096,0.08,"(0,0,0)","(0,0,0)","[(180,0, 90),(180,0,0)]",1,1,0.9
117_WHITEBOARDERASER_BASE0,0.114,0.02,0.06,0.06,"(0,0,0)","(0,0,0)","[(180,0, 90),(180,0,0)]",1,1,0.9
094_REST_BASE0,0.193,0.089,0.024,0.1,"(0,0,0)","(0,0,0)","[(180,0, 90),(180,0,0)]",1,1,1
094_REST_BASE1,0.193,0.071,0.03,0.1,"(0,0,0)","(0,0,0)","[(180,0, 90),(180,0,0)]",1,1,1
094_REST_BASE2,0.192,0.091,0.062,0.1,"(0,0,0)","(0,0,0)","[(180,0, 90),(180,0,0)]",1,1,1
094_REST_BASE3,0.071,0.106,0.193,0.1,"(0,0,0)","(0,0,0)","[(180,0, 90),(180,0,0)]",1,1,1
080_PILLBOTTLE_BASE1,0.063,0.135,0.063,0.07,"(0,0,0)","(0,0,0)","[(180, 0, 0),(180,90,0),(180,0,90),(90,0,90)]",1,1,1
080_PILLBOTTLE_BASE2,0.063,0.135,0.063,0.07,"(0,0,0)","(0,0,0)","[(180, 0, 0),(180,90,0),(180,0,90),(90,0,90)]",1,1,1
080_PILLBOTTLE_BASE3,0.07,0.135,0.07,0.07,"(0,0,0)","(0,0,0)","[(180, 0, 0),(180,90,0),(180,0,90),(90,0,90)]",1,1,1
080_PILLBOTTLE_BASE4,0.063,0.135,0.063,0.07,"(0,0,0)","(0,0,0)","[(180, 0, 0),(180,90,0),(180,0,90),(90,0,90)]",1,1,1
080_PILLBOTTLE_BASE5,0.055,0.135,0.055,0.07,"(0,0,0)","(0,0,0)","[(180, 0, 0),(180,90,0),(180,0,90),(90,0,90)]",1,1,1
102_ROLLER_BASE0,0.035,0.034,0.193,0.1,"(0,0,0)","(0,0,0)","[(180, 0, 0),(180,0,90)]",1,1,1
102_ROLLER_BASE1,0.041,0.035,0.191,0.1,"(0,0,0)","(0,0,0)","[(180, 0, 0),(180,0,90)]",1,1,1
102_ROLLER_BASE2,0.193,0.031,0.032,0.1,"(0,0,0)","(0,0,0)","[(180, 0, 0),(180,0,90)]",1,1,1
001_PLASTICBOTTLE_BASE0,0.07,0.07,0.28,0.15,"(0,0,0)","(0,0,0)","[(0, 0, 0), (0,0,90)]",1,1,0.7
001_PLASTICBOTTLE_BASE1,0.08,0.08,0.28,0.15,"(0,0,0)","(0,0,0)","[(0, 0, 0), (0,0,90)]",1,1,0.7
001_PLASTICBOTTLE_BASE2,0.06,0.06,0.24,0.15,"(0,0,0)","(0,0,0)","[(0, 0, 0), (0,0,90)]",1,1,0.7
001_PLASTICBOTTLE_BASE3,0.07,0.07,0.28,0.15,"(0,0,0)","(0,0,0)","[(0, 0, 0), (0,0,90)]",1,1,0.7
001_PLASTICBOTTLE_BASE4,0.07,0.07,0.26,0.15,"(0,0,0)","(0,0,0)","[(0, 0, 0), (0,0,90)]",1,1,0.7
001_PLASTICBOTTLE_BASE5,0.08,0.08,0.28,0.15,"(0,0,0)","(0,0,0)","[(0, 0, 0), (0,0,90)]",1,1,0.7
001_PLASTICBOTTLE_BASE6,0.09,0.09,0.28,0.15,"(0,0,0)","(0,0,0)","[(0, 0, 0), (0,0,90)]",1,1,0.7
001_PLASTICBOTTLE_BASE7,0.08,0.08,0.28,0.15,"(0,0,0)","(0,0,0)","[(0, 0, 0), (0,0,90)]",1,1,0.7
001_PLASTICBOTTLE_BASE8,0.07,0.07,0.21,0.12,"(0,0,0)","(0,0,0)","[(0, 0, 0), (0,0,90)]",1,1,0.7
001_PLASTICBOTTLE_BASE9,0.07,0.07,0.23,0.15,"(0,0,0)","(0,0,0)","[(0, 0, 0), (0,0,90)]",1,1,0.7
001_PLASTICBOTTLE_BASE10,0.08,0.08,0.28,0.15,"(0,0,0)","(0,0,0)","[(0, 0, 0), (0,0,90)]",1,1,0.7
001_PLASTICBOTTLE_BASE11,0.06,0.06,0.24,0.15,"(0,0,0)","(0,0,0)","[(0, 0, 0), (0,0,90)]",1,1,0.7
001_PLASTICBOTTLE_BASE12,0.08,0.08,0.28,0.15,"(0,0,0)","(0,0,0)","[(0, 0, 0), (0,0,90)]",1,1,0.7
001_PLASTICBOTTLE_BASE13,0.06,0.06,0.27,0.15,"(0,0,0)","(0,0,0)","[(0, 0, 0), (0,0,90)]",1,1,0.7
001_PLASTICBOTTLE_BASE14,0.09,0.09,0.28,0.15,"(0,0,0)","(0,0,0)","[(0, 0, 0), (0,0,90)]",1,1,0.7
001_PLASTICBOTTLE_BASE15,0.08,0.08,0.28,0.15,"(0,0,0)","(0,0,0)","[(0, 0, 0), (0,0,90)]",1,1,0.7
001_PLASTICBOTTLE_BASE16,0.07,0.07,0.28,0.15,"(0,0,0)","(0,0,0)","[(0, 0, 0), (0,0,90)]",1,1,0.7
001_PLASTICBOTTLE_BASE17,0.08,0.08,0.28,0.15,"(0,0,0)","(0,0,0)","[(0, 0, 0), (0,0,90)]",1,1,0.7
001_PLASTICBOTTLE_BASE18,0.09,0.09,0.21,0.12,"(0,0,0)","(0,0,0)","[(0, 0, 0), (0,0,90)]",1,1,0.7
001_PLASTICBOTTLE_BASE19,0.09,0.09,0.19,0.13,"(0,0,0)","(0,0,0)","[(0, 0, 0), (0,0,90)]",1,1,0.7
001_PLASTICBOTTLE_BASE20,0.08,0.08,0.28,0.15,"(0,0,0)","(0,0,0)","[(0, 0, 0), (0,0,90)]",1,1,0.7
001_PLASTICBOTTLE_BASE21,0.09,0.09,0.18,0.1,"(0,0,0)","(0,0,0)","[(0, 0, 0), (0,0,90)]",1,1,0.7
001_PLASTICBOTTLE_BASE22,0.08,0.08,0.26,0.14,"(0,0,0)","(0,0,0)","[(0, 0, 0), (0,0,90)]",1,1,0.7
002_BOWL_BASE1,0.09,0.09,0.03,0.04,"(0,0,0)","(0,0,0)","(90,0,0)",1,1,1
002_BOWL_BASE2,0.1,0.1,0.03,0.04,"(0,0,0)","(0,0,0)","(90,0,0)",1,1,1
002_BOWL_BASE3,0.09,0.09,0.03,0.035,"(0,0,0)","(0,0,0)","(90,0,0)",1,1,1
002_BOWL_BASE4,0.07,0.07,0.03,0.04,"(0,0,0)","(0,0,0)","(90,0,0)",1,1,1
002_BOWL_BASE5,0.08,0.08,0.03,0.04,"(0,0,0)","(0,0,0)","(90,0,0)",1,1,1
002_BOWL_BASE6,0.07,0.07,0.03,0.04,"(0,0,0)","(0,0,0)","(180,0,0)",1,1,1
002_BOWL_BASE7,0.08,0.08,0.03,0.04,"(0,0,0)","(0,0,0)","(180,0,0)",1,1,1
003_PLATE_BASE0,0.1,0.1,0.01,0.013,"(0,0,0)","(0,0,0)","(90,0,0)",1,1,1
004_FLUTEDBLOCK_BASE0,0.05,0.07,0.05,0.35,"(0,0,0)","(0,0,0)","(180,0,0)",1,1,1
004_FLUTEDBLOCK_BASE1,0.05,0.07,0.05,0.35,"(0,0,0)","(0,0,0)","(180,0,0)",1,1,1
007_SHOEBOX_BASE0,0.09,0.16,0.06,0.25,"(0,0,0)","(0,0,0)","(0,0,0)",1,1,1
008_TRAY_BASE0,0.15,0.01,0.09,0.08,"(0,0,0)","(0,0,0)","[(180, 0, 0),(180,0,90)]",1,1,1
008_TRAY_BASE1,0.15,0.01,0.09,0.08,"(0,0,0)","(0,0,0)","[(180, 0, 0),(180,0,90)]",1,1,1
008_TRAY_BASE2,0.13,0.01,0.09,0.07,"(0,0,0)","(0,0,0)","[(180, 0, 0),(180,0,90)]",1,1,1
008_TRAY_BASE3,0.13,0.01,0.1,0.08,"(0,0,0)","(0,0,0)","[(180, 0, 0),(180,0,90)]",1,1,1
011_DUSTBIN_BASE0,0.09,0.06,0.11,0.03,"(0,0,0)","(0,0,0)","[(0, 0, 90),(0,0,0)]",1,1,1
017_CALCULATOR_BASE0,0.09,0.05,0.14,0.08,"(0,0,0)","(0,0,0)","[(180, 0, 90), (180, 0, 0)]",1,1,1
017_CALCULATOR_BASE2,0.1,0.05,0.14,0.07,"(0,0,0)","(0,0,0)","[(180, 0, 90), (180, 0, 0)]",1,1,1
017_CALCULATOR_BASE3,0.09,0.01,0.12,0.06,"(0,0,0)","(0,0,0)","[(180, 0, 90), (180, 0, 0)]",1,1,1
017_CALCULATOR_BASE4,0.08,0.04,0.19,0.08,"(0,0,0)","(0,0,0)","[(180, 0, 90), (180, 0, 0)]",1,1,1
017_CALCULATOR_BASE5,0.08,0.01,0.15,0.08,"(0,0,0)","(0,0,0)","[(180, 0, 90), (180, 0, 0)]",1,1,1
018_MICROPHONE_BASE0,0.05,0.19,0.05,0.1,"(0,0,0)","(0,0,0)","[(90, 0, 0),(90, 90, 0),(90, 90, 90)]",1,1,1
018_MICROPHONE_BASE1,0.06,0.06,0.19,0.1,"(0,0,0)","(0,0,0)","[(0, 0, 0),(0,90,0),(0, 90, 90)]",1,1,1
018_MICROPHONE_BASE4,0.19,0.05,0.05,0.1,"(0,0,0)","(0,0,0)","[(0, 0, 0),(0,0,90)]",1,1,1
018_MICROPHONE_BASE5,0.04,0.04,0.19,0.1,"(0,0,0)","(0,0,0)","[(0, 0, 0),(0,90,0),(0, 90, 90)]",1,1,1
021_CUP_BASE0,0.09,0.09,0.1,0.1,"(0,0,0)","(0,0,0)","[(0, 0, 0),(90,0,0),(0,0,90)]",1,1,1
021_CUP_BASE1,0.08,0.08,0.1,0.1,"(0,0,0)","(0,0,0)","[(0, 0, 0),(90,0,0),(0,0,90)]",1,1,1
021_CUP_BASE2,0.07,0.07,0.1,0.1,"(0,0,0)","(0,0,0)","[(0, 0, 0),(90,0,0),(0,0,90)]",1,1,1
021_CUP_BASE3,0.09,0.09,0.1,0.1,"(0,0,0)","(0,0,0)","[(0, 0, 0),(90,0,0),(0,0,90)]",1,1,1
021_CUP_BASE4,0.08,0.08,0.08,0.08,"(0,0,0)","(0,0,0)","[(0, 0, 0),(90,0,0),(0,0,90)]",1,1,1
021_CUP_BASE5,0.07,0.07,0.08,0.08,"(0,0,0)","(0,0,0)","[(0, 0, 0),(90,0,0),(0,0,90)]",1,1,1
021_CUP_BASE6,0.08,0.11,0.09,0.06,"(0,0,0)","(0,0,0)","[(0, 0, 0),(0,90,0)]",1,1,0.8
021_CUP_BASE7,0.08,0.11,0.1,0.06,"(0,0,0)","(0,0,0)","[(0, 0, 0),(0,90,0)]",1,1,0.8
021_CUP_BASE8,0.07,0.1,0.07,0.06,"(0,0,0)","(0,0,0)","[(0, 0, 0),(0,90,0)]",1,1,0.8
021_CUP_BASE9,0.07,0.11,0.07,0.06,"(0,0,0)","(0,0,0)","(0, 0, 0)",1,1,0.8
021_CUP_BASE10,0.08,0.11,0.06,0.06,"(0,0,0)","(0,0,0)","(0, 0, 0)",1,1,0.8
021_CUP_BASE11,0.08,0.11,0.09,0.06,"(0,0,0)","(0,0,0)","[(0, 0, 0),(0,90,0)]",1,1,0.8
021_CUP_BASE12,0.08,0.12,0.09,0.06,"(0,0,0)","(0,0,0)","[(0, 0, 0),(0,90,0)]",1,1,0.8
023_TISSUEBOX_BASE0,0.15,0.06,0.08,0.08,"(0,0,0)","(0,0,0)","[(180, 0, 0),(180,0,90)]",1,1,0.9
023_TISSUEBOX_BASE1,0.15,0.07,0.08,0.08,"(0,0,0)","(0,0,0)","[(180, 0, 0),(180,0,90)]",1,1,0.9
023_TISSUEBOX_BASE2,0.15,0.07,0.09,0.08,"(0,0,0)","(0,0,0)","[(180, 0, 0),(180,0,90)]",1,1,0.9
023_TISSUEBOX_BASE3,0.09,0.06,0.15,0.08,"(0,0,0)","(0,0,0)","[(180, 0, 0),(180,0,90)]",1,1,0.9
023_TISSUEBOX_BASE4,0.15,0.05,0.08,0.08,"(0,0,0)","(0,0,0)","[(180, 0, 0),(180,0,90)]",1,1,0.9
023_TISSUEBOX_BASE5,0.14,0.06,0.09,0.08,"(0,0,0)","(0,0,0)","[(180, 0, 0),(180,0,90)]",1,1,0.9
023_TISSUEBOX_BASE6,0.08,0.07,0.11,0.06,"(0,0,0)","(0,0,0)","[(180, 0, 0),(180,0,90)]",1,1,0.9
025_CHIPSTUB_BASE0,0.09,0.15,0.09,0.08,"(0,0,0)","(0,0,0)","[(0, 0, 0),(90,0,0)]",1,1,0.8
025_CHIPSTUB_BASE1,0.09,0.23,0.09,0.12,"(0,0,0)","(0,0,0)","[(0, 0, 0),(90,0,0)]",1,1,0.8
025_CHIPSTUB_BASE2,0.09,0.18,0.09,0.1,"(0,0,0)","(0,0,0)","[(0, 0, 0),(90,0,0)]",1,1,0.8
025_CHIPSTUB_BASE3,0.07,0.23,0.07,0.12,"(0,0,0)","(0,0,0)","(90,0,0)",1,1,0.8
027_TABLETENNIS_BASE0,0.09,0.09,0.09,0.05,"(0,0,0)","(0,0,0)","(0,0,0)",1,1,1
027_TABLETENNIS_BASE1,0.09,0.09,0.09,0.05,"(0,0,0)","(0,0,0)","(0,0,0)",1,1,1
028_ROLLPAPER_BASE0,0.13,0.09,0.09,0.07,"(0,0,0)","(0,0,0)","(0,0,0)",1,1,0.9
028_ROLLPAPER_BASE1,0.1,0.08,0.1,0.05,"(0,0,0)","(0,0,0)","(0,0,0)",1,1,0.9
028_ROLLPAPER_BASE2,0.11,0.09,0.09,0.06,"(0,0,0)","(0,0,0)","(0,0,0)",1,1,1
028_ROLLPAPER_BASE3,0.09,0.08,0.09,0.05,"(0,0,0)","(0,0,0)","(0,0,0)",1,1,0.9
029_OLIVEOIL_BASE0,0.08,0.21,0.09,0.7,"(0,0,0)","(0,0,0)","(180, 0, 0)",1,1,0.8
029_OLIVEOIL_BASE1,0.07,0.3,0.07,1,"(0,0,0)","(0,0,0)","(180, 0, 0)",1,1,0.7
029_OLIVEOIL_BASE2,0.07,0.3,0.1,1,"(0,0,0)","(0,0,0)","[(180, 0, 0), (180,0,90)]",1,1,0.7
029_OLIVEOIL_BASE3,0.07,0.3,0.07,1,"(0,0,0)","(0,0,0)","[(180, 0, 0), (180,0,90)]",1,1,0.7
029_OLIVEOIL_BASE4,0.08,0.3,0.08,1,"(0,0,0)","(0,0,0)","[(180, 0, 0), (180,0,90)]",1,1,0.7
031_JAMJAR_BASE0,0.09,0.13,0.9,0.07,"(0,0,0)","(0,0,0)","[(90, 0, 0),(180,0,0)]",1,1,0.9
031_JAMJAR_BASE1,0.08,0.13,0.08,0.07,"(0,0,0)","(0,0,0)","[(90, 0, 0),(180,0,0)]",1,1,0.9
031_JAMJAR_BASE2,0.09,0.13,0.09,0.07,"(0,0,0)","(0,0,0)","[(90, 0, 0),(180,0,0)]",1,1,0.9
031_JAMJAR_BASE3,0.13,0.11,0.08,0.07,"(0,0,0)","(0,0,0)","[(-90, 0, 0),(180, 0, 0),(180, 0, 90)]",1,1,0.9
031_JAMJAR_BASE4,0.07,0.07,0.09,0.05,"(0,0,0)","(0,0,0)","[(90, 0, 0),(180,0,0)]",1,1,0.9
038_MILKBOX_BASE0,0.07,0.14,0.07,1.2,"(0,0,0)","(0,0,0)","[(180, 0, 0), (180,90,0), (180,0,90)]",1,1,0.8
038_MILKBOX_BASE1,0.09,0.2,0.06,0.8,"(0,0,0)","(0,0,0)","[(180, 0, 0), (180,0,90)]",1,1,0.8
038_MILKBOX_BASE2,0.06,0.17,0.07,0.7,"(0,0,0)","(180,0,0)","[(180, 0, 0), (180,90,0), (180,0,90)]",1,0.6,0.8
038_MILKBOX_BASE3,0.07,0.14,0.07,0.7,"(0,0,0)","(0,0,0)","[(180, 0, 0), (180,90,0), (180,0,90)]",1,1,0.8
039_MUG_BASE0,0.08,0.11,0.08,0.06,"(0,0,0)","(0,0,0)","[(90, 0, 0),(90,0,90)]",1,1,0.9
039_MUG_BASE1,0.08,0.11,0.08,0.06,"(0,0,0)","(0,0,0)","[(0, 0, 0),(90,0,90)]",1,1,0.9
039_MUG_BASE2,0.08,0.11,0.08,0.06,"(0,0,0)","(0,0,0)","[(90, 0, 0),(90,0,90)]",1,1,0.9
039_MUG_BASE3,0.07,0.11,0.07,0.06,"(0,0,0)","(0,0,0)","[(90, 0, 0),(90,0,90)]",1,1,0.9
039_MUG_BASE4,0.08,0.11,0.08,0.06,"(0,0,0)","(0,0,0)","[(90, 0, 0),(90,0,90)]",1,1,0.9
039_MUG_BASE5,0.09,0.11,0.09,0.06,"(0,0,0)","(0,0,0)","[(90, 0, 0),(90,0,90)]",1,1,0.9
039_MUG_BASE6,0.07,0.11,0.09,0.06,"(0,0,0)","(0,0,0)","[(90, 0, 0),(90,0,90)]",1,1,0.9
039_MUG_BASE7,0.07,0.11,0.07,0.06,"(0,0,0)","(0,0,0)","[(90, 0, 0),(90,0,90)]",1,1,0.9
039_MUG_BASE8,0.08,0.11,0.08,0.06,"(0,0,0)","(0,0,0)","[(90, 0, 0),(90,0,90)]",1,1,0.9
039_MUG_BASE9,0.07,0.11,0.08,0.06,"(0,0,0)","(0,0,0)","[(90, 0, 0),(90,0,90)]",1,1,0.9
039_MUG_BASE10,0.9,0.1,0.13,1,"(0,0,0)","(0,0,0)","[(180, 0, 0),(180,0,90)]",1,1,0.9
039_MUG_BASE11,0.09,0.11,0.07,0.8,"(0,0,0)","(0,0,0)","[(180, 0, 0),(180,0,90)]",1,1,0.9
039_MUG_BASE12,0.08,0.11,0.08,0.06,"(0,0,0)","(0,0,0)","[(90, 0, 0),(90,0,90)]",1,1,0.9
042_WOODENBOX_BASE0,0.12,0.08,0.05,0.05,"(0,0,0)","(0,0,0)","[(90, 0, 0),(90,0,90)]",1,1,1
043_BOOK_BASE0,0.16,0.05,0.21,1,"(0,0,0)","(0,0,0)","[(0, 0, 90),(0, 0, 90)]",1,0.8,0.8
043_BOOK_BASE1,0.15,0.01,0.1,0.05,"(0,0,0)","(0,0,90)","[(0, 0, 90),(0, 0, 90)]",1,1,1
047_MOUSE_BASE0,0.08,0.05,0.17,1,"(0,0,0)","(0,0,0)","[(180, 0, 0),(180, 0, 90)]",1,1,0.8
047_MOUSE_BASE1,0.08,0.06,0.15,1,"(0,0,0)","(0,0,0)","[(180, 0, 0),(180, 0, 90)]",1,1,0.8
047_MOUSE_BASE2,0.07,0.05,0.12,0.4,"(0,0,0)","(0,0,0)","[(180, 0, 0),(180, 0, 90)]",1,1,0.8
048_STAPLER_BASE1,0.04,0.09,0.18,0.1,"(0,0,0)","(0,0,0)","[(180, 0, 0),(180,0,90)]",1,1,1
048_STAPLER_BASE2,0.06,0.08,0.19,0.1,"(0,0,0)","(0,0,0)","[(180, 0, 0),(180,0,90)]",1,1,1
048_STAPLER_BASE3,0.05,0.08,0.18,0.1,"(0,0,0)","(0,0,0)","[(180, 0, 0),(180,0,90)]",1,1,1
048_STAPLER_BASE4,0.05,0.09,0.19,0.1,"(0,0,0)","(0,0,0)","[(180, 0, 0),(180,0,90)]",1,1,1
048_STAPLER_BASE5,0.06,0.09,0.19,0.1,"(0,0,0)","(0,0,0)","[(180, 0, 0),(180,0,90)]",1,1,1
048_STAPLER_BASE6,0.04,0.06,0.19,0.1,"(0,0,0)","(0,0,0)","[(180, 0, 0),(180,0,90)]",1,1,1
048_STAPLER_BASE7,0.07,0.07,0.19,0.1,"(0,0,0)","(0,0,0)","[(180, 0, 0),(180,0,90)]",1,1,1
049_SHAMPOO_BASE1,0.07,0.19,0.04,0.1,"(0,0,0)","(0,0,0)","(90, 0, 90)",1,1,1
049_SHAMPOO_BASE2,0.07,0.19,0.04,0.1,"(0,0,0)","(0,0,0)","(90, 0, 90)",1,1,1
049_SHAMPOO_BASE3,0.05,0.19,0.05,0.1,"(0,0,0)","(0,0,0)","(90, 0, 90)",1,1,1
049_SHAMPOO_BASE4,0.07,0.19,0.09,0.1,"(0,0,0)","(0,0,0)","(90, 0, 90)",1,1,1
049_SHAMPOO_BASE5,0.05,0.19,0.08,0.1,"(0,0,0)","(0,0,0)","(90, 0, 90)",1,1,1
049_SHAMPOO_BASE6,0.08,0.19,0.09,0.1,"(0,0,0)","(0,0,0)","(90, 0, 90)",1,1,1
049_SHAMPOO_BASE7,0.05,0.19,0.08,0.1,"(0,0,0)","(0,0,0)","(90, 0, 90)",1,1,1
